Warehouse,CUSTOMER_NUMBER,Total_Ordered_KT
CHINA-WAREHOUSE,CST-00049,10.37283
CHINA-WAREHOUSE,CST-00487,7.37994
CHINA-WAREHOUSE,CST-00072,6.98099
CHINA-WAREHOUSE,CST-00363,6.59346
CHINA-WAREHOUSE,CST-00161,5.56677
CHINA-WAREHOUSE,CST-00008,5.36163
CHINA-WAREHOUSE,CST-00017,4.64454
CHINA-WAREHOUSE,CST-00003,4.54981
CHINA-WAREHOUSE,CST-00093,4.23381
CHINA-WAREHOUSE,CST-00169,3.65586
CHINA-WAREHOUSE,CST-00047,3.64996
CHINA-WAREHOUSE,CST-00002,3.61745
CHINA-WAREHOUSE,CST-00086,3.47366
CHINA-WAREHOUSE,CST-00090,3.24755
CHINA-WAREHOUSE,CST-00259,3.22613
CHINA-WAREHOUSE,CST-00747,3.09152
CHINA-WAREHOUSE,CST-00052,3.0375
CHINA-WAREHOUSE,CST-00053,2.8620799999999997
CHINA-WAREHOUSE,CST-00165,2.85614
CHINA-WAREHOUSE,CST-00037,2.72499
CHINA-WAREHOUSE,CST-00014,2.70744
CHINA-WAREHOUSE,CST-00778,2.3992999999999998
CHINA-WAREHOUSE,CST-00182,2.24556
CHINA-WAREHOUSE,CST-00074,2.22757
CHINA-WAREHOUSE,CST-00059,2.21848
CHINA-WAREHOUSE,CST-00050,2.05886
CHINA-WAREHOUSE,CST-00035,1.97461
CHINA-WAREHOUSE,CST-00038,1.9055099999999998
CHINA-WAREHOUSE,CST-00284,1.87344
CHINA-WAREHOUSE,CST-00513,1.81019
CHINA-WAREHOUSE,CST-00058,1.71902
CHINA-WAREHOUSE,CST-00039,1.5400099999999999
CHINA-WAREHOUSE,CST-00092,1.50916
CHINA-WAREHOUSE,CST-00042,1.5045799999999998
CHINA-WAREHOUSE,CST-00115,1.48505
CHINA-WAREHOUSE,CST-00228,1.42352
CHINA-WAREHOUSE,CST-00122,1.422
CHINA-WAREHOUSE,CST-00011,1.36463
CHINA-WAREHOUSE,CST-00289,1.34826
CHINA-WAREHOUSE,CST-00178,1.3245099999999999
CHINA-WAREHOUSE,CST-00016,1.31656
CHINA-WAREHOUSE,CST-00149,1.30081
CHINA-WAREHOUSE,CST-00135,1.293
CHINA-WAREHOUSE,CST-00121,1.26804
CHINA-WAREHOUSE,CST-00120,1.2308700000000001
CHINA-WAREHOUSE,CST-00196,1.2092
CHINA-WAREHOUSE,CST-00012,1.19629
CHINA-WAREHOUSE,CST-00676,1.188
CHINA-WAREHOUSE,CST-00498,1.16334
CHINA-WAREHOUSE,CST-00133,1.15369
CHINA-WAREHOUSE,CST-00795,1.15001
CHINA-WAREHOUSE,CST-00672,1.12811
CHINA-WAREHOUSE,CST-00148,1.0991
CHINA-WAREHOUSE,CST-00069,1.04254
CHINA-WAREHOUSE,CST-00036,1.0334999999999999
CHINA-WAREHOUSE,CST-00400,1.0200099999999999
CHINA-WAREHOUSE,CST-00507,1.01404
CHINA-WAREHOUSE,CST-00073,1.00221
CHINA-WAREHOUSE,CST-00108,0.99406
CHINA-WAREHOUSE,CST-00658,0.9792500000000001
CHINA-WAREHOUSE,CST-00126,0.9705199999999999
CHINA-WAREHOUSE,CST-00344,0.96536
CHINA-WAREHOUSE,CST-00635,0.94054
CHINA-WAREHOUSE,CST-00010,0.92145
CHINA-WAREHOUSE,CST-00511,0.8962300000000001
CHINA-WAREHOUSE,CST-00109,0.8925
CHINA-WAREHOUSE,CST-00112,0.89087
CHINA-WAREHOUSE,CST-00492,0.87052
CHINA-WAREHOUSE,CST-00313,0.86767
CHINA-WAREHOUSE,CST-00743,0.85666
CHINA-WAREHOUSE,CST-00337,0.80203
CHINA-WAREHOUSE,CST-00113,0.79977
CHINA-WAREHOUSE,CST-00309,0.7921
CHINA-WAREHOUSE,CST-00005,0.79203
CHINA-WAREHOUSE,CST-00179,0.7905099999999999
CHINA-WAREHOUSE,CST-00240,0.76726
CHINA-WAREHOUSE,CST-00757,0.765
CHINA-WAREHOUSE,CST-00056,0.7427900000000001
CHINA-WAREHOUSE,CST-00125,0.73451
CHINA-WAREHOUSE,CST-00183,0.72984
CHINA-WAREHOUSE,CST-00018,0.71683
CHINA-WAREHOUSE,CST-00043,0.71404
CHINA-WAREHOUSE,CST-00013,0.70686
CHINA-WAREHOUSE,CST-00267,0.70579
CHINA-WAREHOUSE,CST-00685,0.69305
CHINA-WAREHOUSE,CST-00277,0.69166
CHINA-WAREHOUSE,CST-00114,0.68628
CHINA-WAREHOUSE,CST-00417,0.6751
CHINA-WAREHOUSE,CST-00923,0.66832
CHINA-WAREHOUSE,CST-00379,0.64984
CHINA-WAREHOUSE,CST-00006,0.64353
CHINA-WAREHOUSE,CST-00311,0.6375
CHINA-WAREHOUSE,CST-00034,0.63708
CHINA-WAREHOUSE,CST-00077,0.63017
CHINA-WAREHOUSE,CST-00661,0.6297900000000001
CHINA-WAREHOUSE,CST-00094,0.62654
CHINA-WAREHOUSE,CST-00202,0.6120099999999999
CHINA-WAREHOUSE,CST-00412,0.6104999999999999
CHINA-WAREHOUSE,CST-00030,0.60152
CHINA-WAREHOUSE,CST-00477,0.6000300000000001
CHINA-WAREHOUSE,CST-00142,0.59703
CHINA-WAREHOUSE,CST-00770,0.59401
CHINA-WAREHOUSE,CST-00248,0.58579
CHINA-WAREHOUSE,CST-00100,0.57359
CHINA-WAREHOUSE,CST-00684,0.57276
CHINA-WAREHOUSE,CST-00051,0.56937
CHINA-WAREHOUSE,CST-00476,0.5693400000000001
CHINA-WAREHOUSE,CST-00349,0.56926
CHINA-WAREHOUSE,CST-00158,0.55831
CHINA-WAREHOUSE,CST-00139,0.55427
CHINA-WAREHOUSE,CST-00153,0.55278
CHINA-WAREHOUSE,CST-00302,0.55201
CHINA-WAREHOUSE,CST-00767,0.5445
CHINA-WAREHOUSE,CST-00593,0.53883
CHINA-WAREHOUSE,CST-00733,0.53777
CHINA-WAREHOUSE,CST-00422,0.5355099999999999
CHINA-WAREHOUSE,CST-00706,0.53369
CHINA-WAREHOUSE,CST-00659,0.5325
CHINA-WAREHOUSE,CST-00132,0.5263100000000001
CHINA-WAREHOUSE,CST-00105,0.52051
CHINA-WAREHOUSE,CST-00117,0.52051
CHINA-WAREHOUSE,CST-00403,0.51976
CHINA-WAREHOUSE,CST-00144,0.5132
CHINA-WAREHOUSE,CST-00384,0.51
CHINA-WAREHOUSE,CST-00304,0.49905999999999995
CHINA-WAREHOUSE,CST-00833,0.49505
CHINA-WAREHOUSE,CST-00361,0.49502
CHINA-WAREHOUSE,CST-00081,0.49501
CHINA-WAREHOUSE,CST-00748,0.49501
CHINA-WAREHOUSE,CST-00180,0.4815
CHINA-WAREHOUSE,CST-00247,0.47309
CHINA-WAREHOUSE,CST-00432,0.47062000000000004
CHINA-WAREHOUSE,CST-00009,0.47039000000000003
CHINA-WAREHOUSE,CST-00547,0.47029000000000004
CHINA-WAREHOUSE,CST-00555,0.47029000000000004
CHINA-WAREHOUSE,CST-00569,0.47027
CHINA-WAREHOUSE,CST-00355,0.46740000000000004
CHINA-WAREHOUSE,CST-00522,0.45683
CHINA-WAREHOUSE,CST-00007,0.45604
CHINA-WAREHOUSE,CST-00430,0.44551
CHINA-WAREHOUSE,CST-00217,0.44406
CHINA-WAREHOUSE,CST-00397,0.44400999999999996
CHINA-WAREHOUSE,CST-00510,0.43206
CHINA-WAREHOUSE,CST-00097,0.42766000000000004
CHINA-WAREHOUSE,CST-00177,0.42601
CHINA-WAREHOUSE,CST-00104,0.42011
CHINA-WAREHOUSE,CST-00447,0.41852
CHINA-WAREHOUSE,CST-00464,0.40951000000000004
CHINA-WAREHOUSE,CST-00582,0.408
CHINA-WAREHOUSE,CST-00260,0.4026
CHINA-WAREHOUSE,CST-00213,0.39752
CHINA-WAREHOUSE,CST-00482,0.39749999999999996
CHINA-WAREHOUSE,CST-00782,0.39603
CHINA-WAREHOUSE,CST-00046,0.39601000000000003
CHINA-WAREHOUSE,CST-00356,0.39383
CHINA-WAREHOUSE,CST-00205,0.38623
CHINA-WAREHOUSE,CST-00641,0.38249999999999995
CHINA-WAREHOUSE,CST-00443,0.37367
CHINA-WAREHOUSE,CST-00552,0.37126000000000003
CHINA-WAREHOUSE,CST-00298,0.36452
CHINA-WAREHOUSE,CST-00181,0.3615
CHINA-WAREHOUSE,CST-00020,0.36026
CHINA-WAREHOUSE,CST-00272,0.35413
CHINA-WAREHOUSE,CST-00138,0.3466
CHINA-WAREHOUSE,CST-00383,0.3466
CHINA-WAREHOUSE,CST-00048,0.34654
CHINA-WAREHOUSE,CST-00611,0.34651
CHINA-WAREHOUSE,CST-00713,0.34651
CHINA-WAREHOUSE,CST-00729,0.34651
CHINA-WAREHOUSE,CST-00338,0.34650000000000003
CHINA-WAREHOUSE,CST-00102,0.3465
CHINA-WAREHOUSE,CST-00271,0.34201
CHINA-WAREHOUSE,CST-00237,0.34199999999999997
CHINA-WAREHOUSE,CST-00054,0.33899999999999997
CHINA-WAREHOUSE,CST-00369,0.33301
CHINA-WAREHOUSE,CST-00210,0.33153
CHINA-WAREHOUSE,CST-00085,0.33152
CHINA-WAREHOUSE,CST-00269,0.32475
CHINA-WAREHOUSE,CST-00025,0.31740999999999997
CHINA-WAREHOUSE,CST-00264,0.3165
CHINA-WAREHOUSE,CST-00080,0.31444
CHINA-WAREHOUSE,CST-00244,0.31258
CHINA-WAREHOUSE,CST-00872,0.30601
CHINA-WAREHOUSE,CST-00325,0.306
CHINA-WAREHOUSE,CST-00061,0.30304
CHINA-WAREHOUSE,CST-00525,0.30151
CHINA-WAREHOUSE,CST-00640,0.30001
CHINA-WAREHOUSE,CST-00610,0.29851
CHINA-WAREHOUSE,CST-00070,0.29787
CHINA-WAREHOUSE,CST-00759,0.29751
CHINA-WAREHOUSE,CST-00532,0.28951
CHINA-WAREHOUSE,CST-00128,0.28208
CHINA-WAREHOUSE,CST-00712,0.28200000000000003
CHINA-WAREHOUSE,CST-00321,0.27669
CHINA-WAREHOUSE,CST-00441,0.27653
CHINA-WAREHOUSE,CST-00496,0.27227
CHINA-WAREHOUSE,CST-00828,0.27226
CHINA-WAREHOUSE,CST-00861,0.27226
CHINA-WAREHOUSE,CST-00031,0.26628
CHINA-WAREHOUSE,CST-00657,0.26606
CHINA-WAREHOUSE,CST-00797,0.2586
CHINA-WAREHOUSE,CST-00218,0.25800999999999996
CHINA-WAREHOUSE,CST-00779,0.25525
CHINA-WAREHOUSE,CST-00860,0.255
CHINA-WAREHOUSE,CST-00452,0.25206
CHINA-WAREHOUSE,CST-00033,0.2492
CHINA-WAREHOUSE,CST-00312,0.24814000000000003
CHINA-WAREHOUSE,CST-00667,0.24782
CHINA-WAREHOUSE,CST-00882,0.24754
CHINA-WAREHOUSE,CST-00817,0.24753
CHINA-WAREHOUSE,CST-00774,0.2475
CHINA-WAREHOUSE,CST-00975,0.2475
CHINA-WAREHOUSE,CST-00192,0.24602
CHINA-WAREHOUSE,CST-00075,0.24151
CHINA-WAREHOUSE,CST-00130,0.23851
CHINA-WAREHOUSE,CST-00216,0.23837
CHINA-WAREHOUSE,CST-00065,0.237
CHINA-WAREHOUSE,CST-00427,0.23099999999999998
CHINA-WAREHOUSE,CST-00089,0.22951
CHINA-WAREHOUSE,CST-00235,0.22949999999999998
CHINA-WAREHOUSE,CST-00316,0.22848000000000002
CHINA-WAREHOUSE,CST-00208,0.22501
CHINA-WAREHOUSE,CST-00717,0.22463
CHINA-WAREHOUSE,CST-00045,0.22351
CHINA-WAREHOUSE,CST-00807,0.22318000000000002
CHINA-WAREHOUSE,CST-00677,0.22276
CHINA-WAREHOUSE,CST-00230,0.22013
CHINA-WAREHOUSE,CST-00449,0.2188
CHINA-WAREHOUSE,CST-00793,0.21763000000000002
CHINA-WAREHOUSE,CST-00137,0.21525
CHINA-WAREHOUSE,CST-00066,0.21314
CHINA-WAREHOUSE,CST-00345,0.20488
CHINA-WAREHOUSE,CST-00106,0.20403
CHINA-WAREHOUSE,CST-00315,0.204
CHINA-WAREHOUSE,CST-00167,0.20124
CHINA-WAREHOUSE,CST-00268,0.19939
CHINA-WAREHOUSE,CST-00382,0.19938
CHINA-WAREHOUSE,CST-00283,0.19823
CHINA-WAREHOUSE,CST-00023,0.19803
CHINA-WAREHOUSE,CST-00360,0.19803
CHINA-WAREHOUSE,CST-00287,0.19801000000000002
CHINA-WAREHOUSE,CST-00749,0.19801000000000002
CHINA-WAREHOUSE,CST-00362,0.1978
CHINA-WAREHOUSE,CST-00190,0.1977
CHINA-WAREHOUSE,CST-00372,0.192
CHINA-WAREHOUSE,CST-00256,0.18753
CHINA-WAREHOUSE,CST-00854,0.18703999999999998
CHINA-WAREHOUSE,CST-00418,0.18566
CHINA-WAREHOUSE,CST-00848,0.1789
CHINA-WAREHOUSE,CST-00123,0.1785
CHINA-WAREHOUSE,CST-00143,0.1785
CHINA-WAREHOUSE,CST-00625,0.1785
CHINA-WAREHOUSE,CST-00663,0.1785
CHINA-WAREHOUSE,CST-00818,0.1785
CHINA-WAREHOUSE,CST-00847,0.1785
CHINA-WAREHOUSE,CST-00015,0.17845
CHINA-WAREHOUSE,CST-00735,0.17744000000000001
CHINA-WAREHOUSE,CST-00184,0.17399
CHINA-WAREHOUSE,CST-00274,0.17326
CHINA-WAREHOUSE,CST-00151,0.17325000000000002
CHINA-WAREHOUSE,CST-00803,0.17325000000000002
CHINA-WAREHOUSE,CST-00239,0.16532
CHINA-WAREHOUSE,CST-00493,0.16367
CHINA-WAREHOUSE,CST-00719,0.1598
CHINA-WAREHOUSE,CST-00584,0.15949999999999998
CHINA-WAREHOUSE,CST-00068,0.153
CHINA-WAREHOUSE,CST-00378,0.153
CHINA-WAREHOUSE,CST-00156,0.15265
CHINA-WAREHOUSE,CST-00057,0.15044
CHINA-WAREHOUSE,CST-00026,0.15
CHINA-WAREHOUSE,CST-00777,0.14913
CHINA-WAREHOUSE,CST-00252,0.14880000000000002
CHINA-WAREHOUSE,CST-00700,0.14866000000000001
CHINA-WAREHOUSE,CST-00753,0.1486
CHINA-WAREHOUSE,CST-00281,0.14858000000000002
CHINA-WAREHOUSE,CST-00147,0.14854
CHINA-WAREHOUSE,CST-00465,0.14852
CHINA-WAREHOUSE,CST-00809,0.14852
CHINA-WAREHOUSE,CST-00231,0.14851
CHINA-WAREHOUSE,CST-00595,0.14851
CHINA-WAREHOUSE,CST-00619,0.14851
CHINA-WAREHOUSE,CST-00850,0.14851
CHINA-WAREHOUSE,CST-00867,0.14851
CHINA-WAREHOUSE,CST-00381,0.14850000000000002
CHINA-WAREHOUSE,CST-00292,0.1485
CHINA-WAREHOUSE,CST-00459,0.14297
CHINA-WAREHOUSE,CST-00823,0.14251
CHINA-WAREHOUSE,CST-00358,0.1384
CHINA-WAREHOUSE,CST-00940,0.13676
CHINA-WAREHOUSE,CST-00189,0.13501
CHINA-WAREHOUSE,CST-00922,0.13294999999999998
CHINA-WAREHOUSE,CST-00251,0.1324
CHINA-WAREHOUSE,CST-00539,0.13219999999999998
CHINA-WAREHOUSE,CST-00529,0.1303
CHINA-WAREHOUSE,CST-00044,0.1275
CHINA-WAREHOUSE,CST-00088,0.1275
CHINA-WAREHOUSE,CST-00129,0.1275
CHINA-WAREHOUSE,CST-00419,0.1275
CHINA-WAREHOUSE,CST-00603,0.1275
CHINA-WAREHOUSE,CST-00648,0.1275
CHINA-WAREHOUSE,CST-00773,0.1275
CHINA-WAREHOUSE,CST-00824,0.1275
CHINA-WAREHOUSE,CST-00791,0.12718
CHINA-WAREHOUSE,CST-00220,0.1265
CHINA-WAREHOUSE,CST-00333,0.1245
CHINA-WAREHOUSE,CST-00170,0.12436
CHINA-WAREHOUSE,CST-00502,0.12377
CHINA-WAREHOUSE,CST-00718,0.12377
CHINA-WAREHOUSE,CST-00429,0.12376000000000001
CHINA-WAREHOUSE,CST-00451,0.12376000000000001
CHINA-WAREHOUSE,CST-00578,0.12376000000000001
CHINA-WAREHOUSE,CST-00841,0.12376000000000001
CHINA-WAREHOUSE,CST-00071,0.12375
CHINA-WAREHOUSE,CST-00334,0.12336
CHINA-WAREHOUSE,CST-00601,0.1231
CHINA-WAREHOUSE,CST-00155,0.12301
CHINA-WAREHOUSE,CST-00103,0.123
CHINA-WAREHOUSE,CST-00588,0.12286
CHINA-WAREHOUSE,CST-00563,0.12
CHINA-WAREHOUSE,CST-00460,0.11976
CHINA-WAREHOUSE,CST-00446,0.11839999999999999
CHINA-WAREHOUSE,CST-00084,0.1176
CHINA-WAREHOUSE,CST-00399,0.11401
CHINA-WAREHOUSE,CST-00127,0.114
CHINA-WAREHOUSE,CST-00173,0.11356
CHINA-WAREHOUSE,CST-00064,0.11099999999999999
CHINA-WAREHOUSE,CST-00131,0.11012
CHINA-WAREHOUSE,CST-00212,0.10965
CHINA-WAREHOUSE,CST-00176,0.108
CHINA-WAREHOUSE,CST-00060,0.10728
CHINA-WAREHOUSE,CST-00567,0.107
CHINA-WAREHOUSE,CST-00255,0.10404000000000001
CHINA-WAREHOUSE,CST-00209,0.10214
CHINA-WAREHOUSE,CST-00062,0.10203
CHINA-WAREHOUSE,CST-00140,0.10201
CHINA-WAREHOUSE,CST-00041,0.102
CHINA-WAREHOUSE,CST-00319,0.102
CHINA-WAREHOUSE,CST-00401,0.102
CHINA-WAREHOUSE,CST-00514,0.102
CHINA-WAREHOUSE,CST-00769,0.102
CHINA-WAREHOUSE,CST-00879,0.102
CHINA-WAREHOUSE,CST-00889,0.102
CHINA-WAREHOUSE,CST-00924,0.102
CHINA-WAREHOUSE,CST-00946,0.102
CHINA-WAREHOUSE,CST-00506,0.10125
CHINA-WAREHOUSE,CST-00241,0.1005
CHINA-WAREHOUSE,CST-00294,0.10049999999999999
CHINA-WAREHOUSE,CST-00607,0.09920000000000001
CHINA-WAREHOUSE,CST-00628,0.09904
CHINA-WAREHOUSE,CST-00696,0.09903
CHINA-WAREHOUSE,CST-00388,0.09902
CHINA-WAREHOUSE,CST-00972,0.09902
CHINA-WAREHOUSE,CST-00494,0.09901
CHINA-WAREHOUSE,CST-00845,0.09901
CHINA-WAREHOUSE,CST-00953,0.09901
CHINA-WAREHOUSE,CST-00221,0.099
CHINA-WAREHOUSE,CST-00276,0.099
CHINA-WAREHOUSE,CST-00521,0.099
CHINA-WAREHOUSE,CST-00592,0.099
CHINA-WAREHOUSE,CST-00632,0.099
CHINA-WAREHOUSE,CST-00800,0.099
CHINA-WAREHOUSE,CST-00866,0.099
CHINA-WAREHOUSE,CST-00581,0.09844
CHINA-WAREHOUSE,CST-00024,0.0983
CHINA-WAREHOUSE,CST-00783,0.09763
CHINA-WAREHOUSE,CST-00301,0.0975
CHINA-WAREHOUSE,CST-00242,0.09749999999999999
CHINA-WAREHOUSE,CST-00670,0.09627999999999999
CHINA-WAREHOUSE,CST-00162,0.09375
CHINA-WAREHOUSE,CST-00561,0.093
CHINA-WAREHOUSE,CST-00087,0.09151
CHINA-WAREHOUSE,CST-00438,0.09019999999999999
CHINA-WAREHOUSE,CST-00195,0.09
CHINA-WAREHOUSE,CST-00470,0.09
CHINA-WAREHOUSE,CST-00164,0.0885
CHINA-WAREHOUSE,CST-00197,0.08839999999999999
CHINA-WAREHOUSE,CST-00159,0.087
CHINA-WAREHOUSE,CST-00591,0.08575
CHINA-WAREHOUSE,CST-00380,0.08549999999999999
CHINA-WAREHOUSE,CST-00585,0.084
CHINA-WAREHOUSE,CST-00520,0.08349
CHINA-WAREHOUSE,CST-00368,0.081
CHINA-WAREHOUSE,CST-00654,0.08054
CHINA-WAREHOUSE,CST-00028,0.07972
CHINA-WAREHOUSE,CST-00266,0.07968
CHINA-WAREHOUSE,CST-00317,0.07966
CHINA-WAREHOUSE,CST-00063,0.07651
CHINA-WAREHOUSE,CST-00238,0.07651
CHINA-WAREHOUSE,CST-00163,0.0765
CHINA-WAREHOUSE,CST-00219,0.0765
CHINA-WAREHOUSE,CST-00226,0.0765
CHINA-WAREHOUSE,CST-00227,0.0765
CHINA-WAREHOUSE,CST-00229,0.0765
CHINA-WAREHOUSE,CST-00291,0.0765
CHINA-WAREHOUSE,CST-00391,0.0765
CHINA-WAREHOUSE,CST-00481,0.0765
CHINA-WAREHOUSE,CST-00523,0.0765
CHINA-WAREHOUSE,CST-00574,0.0765
CHINA-WAREHOUSE,CST-00605,0.0765
CHINA-WAREHOUSE,CST-00933,0.0765
CHINA-WAREHOUSE,CST-00973,0.0765
CHINA-WAREHOUSE,CST-00639,0.07624
CHINA-WAREHOUSE,CST-00445,0.07563
CHINA-WAREHOUSE,CST-00731,0.07563
CHINA-WAREHOUSE,CST-00082,0.07511
CHINA-WAREHOUSE,CST-00222,0.07477
CHINA-WAREHOUSE,CST-00808,0.07465
CHINA-WAREHOUSE,CST-00150,0.07438
CHINA-WAREHOUSE,CST-00558,0.07427
CHINA-WAREHOUSE,CST-00318,0.07426
CHINA-WAREHOUSE,CST-00863,0.07426
CHINA-WAREHOUSE,CST-00728,0.07425999999999999
CHINA-WAREHOUSE,CST-00152,0.07425000000000001
CHINA-WAREHOUSE,CST-00326,0.07425000000000001
CHINA-WAREHOUSE,CST-00468,0.07425000000000001
CHINA-WAREHOUSE,CST-00560,0.07425000000000001
CHINA-WAREHOUSE,CST-00572,0.07425000000000001
CHINA-WAREHOUSE,CST-00843,0.07425000000000001
CHINA-WAREHOUSE,CST-00901,0.07425000000000001
CHINA-WAREHOUSE,CST-00995,0.07425000000000001
CHINA-WAREHOUSE,CST-00575,0.07337
CHINA-WAREHOUSE,CST-00160,0.072
CHINA-WAREHOUSE,CST-00204,0.072
CHINA-WAREHOUSE,CST-00821,0.0714
CHINA-WAREHOUSE,CST-00614,0.07050999999999999
CHINA-WAREHOUSE,CST-00662,0.07015
CHINA-WAREHOUSE,CST-00348,0.06903
CHINA-WAREHOUSE,CST-00236,0.06899999999999999
CHINA-WAREHOUSE,CST-00257,0.06875
CHINA-WAREHOUSE,CST-00029,0.0675
CHINA-WAREHOUSE,CST-00505,0.06651
CHINA-WAREHOUSE,CST-00091,0.066
CHINA-WAREHOUSE,CST-00402,0.066
CHINA-WAREHOUSE,CST-00756,0.066
CHINA-WAREHOUSE,CST-00463,0.06453
CHINA-WAREHOUSE,CST-00174,0.063
CHINA-WAREHOUSE,CST-00768,0.063
CHINA-WAREHOUSE,CST-00624,0.0615
CHINA-WAREHOUSE,CST-00812,0.06101
CHINA-WAREHOUSE,CST-00393,0.06063
CHINA-WAREHOUSE,CST-00668,0.06053
CHINA-WAREHOUSE,CST-00320,0.06
CHINA-WAREHOUSE,CST-00198,0.05913
CHINA-WAREHOUSE,CST-00674,0.05875
CHINA-WAREHOUSE,CST-00450,0.056299999999999996
CHINA-WAREHOUSE,CST-00564,0.055749999999999994
CHINA-WAREHOUSE,CST-00119,0.055580000000000004
CHINA-WAREHOUSE,CST-00021,0.05404
CHINA-WAREHOUSE,CST-00261,0.05399999999999999
CHINA-WAREHOUSE,CST-00763,0.0535
CHINA-WAREHOUSE,CST-00079,0.05306
CHINA-WAREHOUSE,CST-00805,0.05122
CHINA-WAREHOUSE,CST-00705,0.05105
CHINA-WAREHOUSE,CST-00004,0.05103
CHINA-WAREHOUSE,CST-00308,0.05101
CHINA-WAREHOUSE,CST-00171,0.051000000000000004
CHINA-WAREHOUSE,CST-00193,0.051000000000000004
CHINA-WAREHOUSE,CST-00001,0.051
CHINA-WAREHOUSE,CST-00110,0.051
CHINA-WAREHOUSE,CST-00168,0.051
CHINA-WAREHOUSE,CST-00203,0.051
CHINA-WAREHOUSE,CST-00258,0.051
CHINA-WAREHOUSE,CST-00286,0.051
CHINA-WAREHOUSE,CST-00359,0.051
CHINA-WAREHOUSE,CST-00392,0.051
CHINA-WAREHOUSE,CST-00396,0.051
CHINA-WAREHOUSE,CST-00411,0.051
CHINA-WAREHOUSE,CST-00479,0.051
CHINA-WAREHOUSE,CST-00485,0.051
CHINA-WAREHOUSE,CST-00486,0.051
CHINA-WAREHOUSE,CST-00622,0.051
CHINA-WAREHOUSE,CST-00656,0.051
CHINA-WAREHOUSE,CST-00739,0.051
CHINA-WAREHOUSE,CST-00764,0.051
CHINA-WAREHOUSE,CST-00804,0.051
CHINA-WAREHOUSE,CST-00825,0.051
CHINA-WAREHOUSE,CST-00869,0.051
CHINA-WAREHOUSE,CST-00781,0.05088
CHINA-WAREHOUSE,CST-00413,0.050100000000000006
CHINA-WAREHOUSE,CST-00666,0.049999999999999996
CHINA-WAREHOUSE,CST-00776,0.04972
CHINA-WAREHOUSE,CST-00553,0.049710000000000004
CHINA-WAREHOUSE,CST-00517,0.049519999999999995
CHINA-WAREHOUSE,CST-00526,0.04951
CHINA-WAREHOUSE,CST-00765,0.04951
CHINA-WAREHOUSE,CST-00146,0.0495
CHINA-WAREHOUSE,CST-00273,0.0495
CHINA-WAREHOUSE,CST-00335,0.0495
CHINA-WAREHOUSE,CST-00409,0.0495
CHINA-WAREHOUSE,CST-00469,0.0495
CHINA-WAREHOUSE,CST-00540,0.0495
CHINA-WAREHOUSE,CST-00664,0.0495
CHINA-WAREHOUSE,CST-00736,0.0495
CHINA-WAREHOUSE,CST-00941,0.0495
CHINA-WAREHOUSE,CST-00958,0.0495
CHINA-WAREHOUSE,CST-00967,0.0495
CHINA-WAREHOUSE,CST-00968,0.0495
CHINA-WAREHOUSE,CST-00989,0.0495
CHINA-WAREHOUSE,CST-00997,0.0495
CHINA-WAREHOUSE,CST-00732,0.0485
CHINA-WAREHOUSE,CST-00562,0.04829
CHINA-WAREHOUSE,CST-00875,0.048
CHINA-WAREHOUSE,CST-00067,0.045
CHINA-WAREHOUSE,CST-00225,0.04426
CHINA-WAREHOUSE,CST-00282,0.04355
CHINA-WAREHOUSE,CST-00250,0.04353
CHINA-WAREHOUSE,CST-00111,0.0435
CHINA-WAREHOUSE,CST-00194,0.0435
CHINA-WAREHOUSE,CST-00386,0.0435
CHINA-WAREHOUSE,CST-00531,0.0435
CHINA-WAREHOUSE,CST-00327,0.04126
CHINA-WAREHOUSE,CST-00263,0.0405
CHINA-WAREHOUSE,CST-00730,0.03968
CHINA-WAREHOUSE,CST-00426,0.039540000000000006
CHINA-WAREHOUSE,CST-00099,0.03752
CHINA-WAREHOUSE,CST-00141,0.0375
CHINA-WAREHOUSE,CST-00490,0.0375
CHINA-WAREHOUSE,CST-00710,0.0375
CHINA-WAREHOUSE,CST-00761,0.0375
CHINA-WAREHOUSE,CST-00771,0.0375
CHINA-WAREHOUSE,CST-00027,0.03658
CHINA-WAREHOUSE,CST-00285,0.036000000000000004
CHINA-WAREHOUSE,CST-00314,0.036000000000000004
CHINA-WAREHOUSE,CST-00083,0.036
CHINA-WAREHOUSE,CST-00191,0.036
CHINA-WAREHOUSE,CST-00329,0.036
CHINA-WAREHOUSE,CST-00650,0.036
CHINA-WAREHOUSE,CST-00734,0.036
CHINA-WAREHOUSE,CST-00796,0.036
CHINA-WAREHOUSE,CST-00895,0.036
CHINA-WAREHOUSE,CST-00076,0.0358
CHINA-WAREHOUSE,CST-00969,0.03576
CHINA-WAREHOUSE,CST-00448,0.035750000000000004
CHINA-WAREHOUSE,CST-00462,0.035750000000000004
CHINA-WAREHOUSE,CST-00894,0.0346
CHINA-WAREHOUSE,CST-00019,0.03438
CHINA-WAREHOUSE,CST-00577,0.03375
CHINA-WAREHOUSE,CST-00542,0.033
CHINA-WAREHOUSE,CST-00831,0.033
CHINA-WAREHOUSE,CST-00629,0.03238
CHINA-WAREHOUSE,CST-00370,0.03173
CHINA-WAREHOUSE,CST-00489,0.03171
CHINA-WAREHOUSE,CST-00621,0.0315
CHINA-WAREHOUSE,CST-00175,0.03
CHINA-WAREHOUSE,CST-00750,0.03
CHINA-WAREHOUSE,CST-00846,0.03
CHINA-WAREHOUSE,CST-00638,0.028900000000000002
CHINA-WAREHOUSE,CST-00857,0.028880000000000003
CHINA-WAREHOUSE,CST-00623,0.02888
CHINA-WAREHOUSE,CST-00390,0.028499999999999998
CHINA-WAREHOUSE,CST-00096,0.02797
CHINA-WAREHOUSE,CST-00858,0.027700000000000002
CHINA-WAREHOUSE,CST-00775,0.027540000000000002
CHINA-WAREHOUSE,CST-00586,0.02751
CHINA-WAREHOUSE,CST-00116,0.027000000000000003
CHINA-WAREHOUSE,CST-00789,0.026999999999999996
CHINA-WAREHOUSE,CST-00649,0.02647
CHINA-WAREHOUSE,CST-00201,0.02613
CHINA-WAREHOUSE,CST-00435,0.025989999999999996
CHINA-WAREHOUSE,CST-00339,0.0259
CHINA-WAREHOUSE,CST-00524,0.025699999999999997
CHINA-WAREHOUSE,CST-00868,0.025699999999999997
CHINA-WAREHOUSE,CST-00651,0.025599999999999998
CHINA-WAREHOUSE,CST-00323,0.02558
CHINA-WAREHOUSE,CST-00265,0.02555
CHINA-WAREHOUSE,CST-00707,0.02553
CHINA-WAREHOUSE,CST-00548,0.025529999999999997
CHINA-WAREHOUSE,CST-00904,0.02551
CHINA-WAREHOUSE,CST-00387,0.025509999999999998
CHINA-WAREHOUSE,CST-00022,0.025500000000000002
CHINA-WAREHOUSE,CST-00095,0.025500000000000002
CHINA-WAREHOUSE,CST-00134,0.025500000000000002
CHINA-WAREHOUSE,CST-00185,0.025500000000000002
CHINA-WAREHOUSE,CST-00343,0.025500000000000002
CHINA-WAREHOUSE,CST-00473,0.025500000000000002
CHINA-WAREHOUSE,CST-00554,0.025500000000000002
CHINA-WAREHOUSE,CST-00594,0.025500000000000002
CHINA-WAREHOUSE,CST-00643,0.025500000000000002
CHINA-WAREHOUSE,CST-00726,0.025500000000000002
CHINA-WAREHOUSE,CST-00929,0.025500000000000002
CHINA-WAREHOUSE,CST-00952,0.025500000000000002
CHINA-WAREHOUSE,CST-00040,0.0255
CHINA-WAREHOUSE,CST-00107,0.0255
CHINA-WAREHOUSE,CST-00145,0.0255
CHINA-WAREHOUSE,CST-00211,0.0255
CHINA-WAREHOUSE,CST-00254,0.0255
CHINA-WAREHOUSE,CST-00299,0.0255
CHINA-WAREHOUSE,CST-00303,0.0255
CHINA-WAREHOUSE,CST-00324,0.0255
CHINA-WAREHOUSE,CST-00341,0.0255
CHINA-WAREHOUSE,CST-00347,0.0255
CHINA-WAREHOUSE,CST-00371,0.0255
CHINA-WAREHOUSE,CST-00377,0.0255
CHINA-WAREHOUSE,CST-00385,0.0255
CHINA-WAREHOUSE,CST-00398,0.0255
CHINA-WAREHOUSE,CST-00408,0.0255
CHINA-WAREHOUSE,CST-00420,0.0255
CHINA-WAREHOUSE,CST-00421,0.0255
CHINA-WAREHOUSE,CST-00467,0.0255
CHINA-WAREHOUSE,CST-00549,0.0255
CHINA-WAREHOUSE,CST-00557,0.0255
CHINA-WAREHOUSE,CST-00580,0.0255
CHINA-WAREHOUSE,CST-00602,0.0255
CHINA-WAREHOUSE,CST-00604,0.0255
CHINA-WAREHOUSE,CST-00606,0.0255
CHINA-WAREHOUSE,CST-00618,0.0255
CHINA-WAREHOUSE,CST-00644,0.0255
CHINA-WAREHOUSE,CST-00673,0.0255
CHINA-WAREHOUSE,CST-00701,0.0255
CHINA-WAREHOUSE,CST-00702,0.0255
CHINA-WAREHOUSE,CST-00716,0.0255
CHINA-WAREHOUSE,CST-00785,0.0255
CHINA-WAREHOUSE,CST-00792,0.0255
CHINA-WAREHOUSE,CST-00836,0.0255
CHINA-WAREHOUSE,CST-00840,0.0255
CHINA-WAREHOUSE,CST-00851,0.0255
CHINA-WAREHOUSE,CST-00852,0.0255
CHINA-WAREHOUSE,CST-00855,0.0255
CHINA-WAREHOUSE,CST-00856,0.0255
CHINA-WAREHOUSE,CST-00873,0.0255
CHINA-WAREHOUSE,CST-00874,0.0255
CHINA-WAREHOUSE,CST-00896,0.0255
CHINA-WAREHOUSE,CST-00908,0.0255
CHINA-WAREHOUSE,CST-00912,0.0255
CHINA-WAREHOUSE,CST-00925,0.0255
CHINA-WAREHOUSE,CST-00956,0.0255
CHINA-WAREHOUSE,CST-00970,0.0255
CHINA-WAREHOUSE,CST-00971,0.0255
CHINA-WAREHOUSE,CST-00974,0.0255
CHINA-WAREHOUSE,CST-00979,0.0255
CHINA-WAREHOUSE,CST-00991,0.0255
CHINA-WAREHOUSE,CST-00570,0.025480000000000003
CHINA-WAREHOUSE,CST-00876,0.02545
CHINA-WAREHOUSE,CST-00583,0.02535
CHINA-WAREHOUSE,CST-00799,0.02525
CHINA-WAREHOUSE,CST-00959,0.02525
CHINA-WAREHOUSE,CST-00819,0.025050000000000003
CHINA-WAREHOUSE,CST-00928,0.02501
CHINA-WAREHOUSE,CST-00883,0.025
CHINA-WAREHOUSE,CST-00478,0.024760000000000004
CHINA-WAREHOUSE,CST-00880,0.02476
CHINA-WAREHOUSE,CST-00936,0.02476
CHINA-WAREHOUSE,CST-00124,0.02475
CHINA-WAREHOUSE,CST-00232,0.02475
CHINA-WAREHOUSE,CST-00275,0.02475
CHINA-WAREHOUSE,CST-00423,0.02475
CHINA-WAREHOUSE,CST-00480,0.02475
CHINA-WAREHOUSE,CST-00495,0.02475
CHINA-WAREHOUSE,CST-00515,0.02475
CHINA-WAREHOUSE,CST-00516,0.02475
CHINA-WAREHOUSE,CST-00626,0.02475
CHINA-WAREHOUSE,CST-00687,0.02475
CHINA-WAREHOUSE,CST-00688,0.02475
CHINA-WAREHOUSE,CST-00722,0.02475
CHINA-WAREHOUSE,CST-00740,0.02475
CHINA-WAREHOUSE,CST-00772,0.02475
CHINA-WAREHOUSE,CST-00822,0.02475
CHINA-WAREHOUSE,CST-00826,0.02475
CHINA-WAREHOUSE,CST-00862,0.02475
CHINA-WAREHOUSE,CST-00881,0.02475
CHINA-WAREHOUSE,CST-00891,0.02475
CHINA-WAREHOUSE,CST-00947,0.02475
CHINA-WAREHOUSE,CST-00966,0.02475
CHINA-WAREHOUSE,CST-00992,0.02475
CHINA-WAREHOUSE,CST-00994,0.02475
CHINA-WAREHOUSE,CST-00996,0.02475
CHINA-WAREHOUSE,CST-00865,0.02425
CHINA-WAREHOUSE,CST-00693,0.023379999999999998
CHINA-WAREHOUSE,CST-00310,0.02268
CHINA-WAREHOUSE,CST-00885,0.0225
CHINA-WAREHOUSE,CST-00937,0.0225
CHINA-WAREHOUSE,CST-00453,0.022
CHINA-WAREHOUSE,CST-00913,0.02125
CHINA-WAREHOUSE,CST-00556,0.02109
CHINA-WAREHOUSE,CST-00440,0.021
CHINA-WAREHOUSE,CST-00332,0.020999999999999998
CHINA-WAREHOUSE,CST-00675,0.020999999999999998
CHINA-WAREHOUSE,CST-00404,0.02064
CHINA-WAREHOUSE,CST-00215,0.02047
CHINA-WAREHOUSE,CST-00787,0.01957
CHINA-WAREHOUSE,CST-00416,0.0195
CHINA-WAREHOUSE,CST-00389,0.019499999999999997
CHINA-WAREHOUSE,CST-00616,0.01926
CHINA-WAREHOUSE,CST-00534,0.01855
CHINA-WAREHOUSE,CST-00491,0.018099999999999998
CHINA-WAREHOUSE,CST-00330,0.018000000000000002
CHINA-WAREHOUSE,CST-00816,0.018000000000000002
CHINA-WAREHOUSE,CST-00166,0.018
CHINA-WAREHOUSE,CST-00253,0.018
CHINA-WAREHOUSE,CST-00290,0.018
CHINA-WAREHOUSE,CST-00295,0.018
CHINA-WAREHOUSE,CST-00354,0.018
CHINA-WAREHOUSE,CST-00455,0.018
CHINA-WAREHOUSE,CST-00551,0.018
CHINA-WAREHOUSE,CST-00559,0.018
CHINA-WAREHOUSE,CST-00566,0.018
CHINA-WAREHOUSE,CST-00652,0.018
CHINA-WAREHOUSE,CST-00784,0.018
CHINA-WAREHOUSE,CST-00853,0.018
CHINA-WAREHOUSE,CST-00871,0.018
CHINA-WAREHOUSE,CST-00934,0.018
CHINA-WAREHOUSE,CST-00942,0.018
CHINA-WAREHOUSE,CST-00955,0.018
CHINA-WAREHOUSE,CST-00172,0.01791
CHINA-WAREHOUSE,CST-00300,0.01651
CHINA-WAREHOUSE,CST-00801,0.0165
CHINA-WAREHOUSE,CST-00842,0.01633
CHINA-WAREHOUSE,CST-00686,0.01601
CHINA-WAREHOUSE,CST-00376,0.0155
CHINA-WAREHOUSE,CST-00536,0.015050000000000001
CHINA-WAREHOUSE,CST-00497,0.015
CHINA-WAREHOUSE,CST-00683,0.015
CHINA-WAREHOUSE,CST-00711,0.015
CHINA-WAREHOUSE,CST-00742,0.015
CHINA-WAREHOUSE,CST-00988,0.015
CHINA-WAREHOUSE,CST-00993,0.015
CHINA-WAREHOUSE,CST-00352,0.014960000000000001
CHINA-WAREHOUSE,CST-00599,0.014750000000000001
CHINA-WAREHOUSE,CST-00439,0.014499999999999999
CHINA-WAREHOUSE,CST-00454,0.01429
CHINA-WAREHOUSE,CST-00689,0.014100000000000001
CHINA-WAREHOUSE,CST-00214,0.01375
CHINA-WAREHOUSE,CST-00346,0.01375
CHINA-WAREHOUSE,CST-00938,0.013749999999999998
CHINA-WAREHOUSE,CST-00509,0.01351
CHINA-WAREHOUSE,CST-00280,0.013500000000000002
CHINA-WAREHOUSE,CST-00407,0.0135
CHINA-WAREHOUSE,CST-00645,0.0135
CHINA-WAREHOUSE,CST-00118,0.01315
CHINA-WAREHOUSE,CST-00466,0.01268
CHINA-WAREHOUSE,CST-00331,0.01251
CHINA-WAREHOUSE,CST-00920,0.012499999999999999
CHINA-WAREHOUSE,CST-00431,0.01238
CHINA-WAREHOUSE,CST-00357,0.01236
CHINA-WAREHOUSE,CST-00721,0.01205
CHINA-WAREHOUSE,CST-00695,0.01203
CHINA-WAREHOUSE,CST-00199,0.012
CHINA-WAREHOUSE,CST-00207,0.012
CHINA-WAREHOUSE,CST-00501,0.012
CHINA-WAREHOUSE,CST-00609,0.012
CHINA-WAREHOUSE,CST-00888,0.012
CHINA-WAREHOUSE,CST-00919,0.012
CHINA-WAREHOUSE,CST-00965,0.012
CHINA-WAREHOUSE,CST-00512,0.01139
CHINA-WAREHOUSE,CST-00483,0.01116
CHINA-WAREHOUSE,CST-00293,0.011
CHINA-WAREHOUSE,CST-00437,0.011
CHINA-WAREHOUSE,CST-00598,0.011
CHINA-WAREHOUSE,CST-00690,0.011
CHINA-WAREHOUSE,CST-00545,0.010509999999999999
CHINA-WAREHOUSE,CST-00351,0.0105
CHINA-WAREHOUSE,CST-00394,0.0105
CHINA-WAREHOUSE,CST-00646,0.0105
CHINA-WAREHOUSE,CST-00838,0.0105
CHINA-WAREHOUSE,CST-00910,0.0105
CHINA-WAREHOUSE,CST-00914,0.0105
CHINA-WAREHOUSE,CST-00926,0.0105
CHINA-WAREHOUSE,CST-00101,0.010499999999999999
CHINA-WAREHOUSE,CST-00631,0.010499999999999999
CHINA-WAREHOUSE,CST-00704,0.010499999999999999
CHINA-WAREHOUSE,CST-00546,0.01025
CHINA-WAREHOUSE,CST-00405,0.0101
CHINA-WAREHOUSE,CST-00471,0.01005
CHINA-WAREHOUSE,CST-00499,0.01
CHINA-WAREHOUSE,CST-00206,0.00977
CHINA-WAREHOUSE,CST-00365,0.009000000000000001
CHINA-WAREHOUSE,CST-00223,0.009
CHINA-WAREHOUSE,CST-00573,0.009
CHINA-WAREHOUSE,CST-00698,0.009
CHINA-WAREHOUSE,CST-00802,0.009
CHINA-WAREHOUSE,CST-00905,0.009
CHINA-WAREHOUSE,CST-00909,0.009
CHINA-WAREHOUSE,CST-00373,0.0085
CHINA-WAREHOUSE,CST-00678,0.0085
CHINA-WAREHOUSE,CST-00984,0.00848
CHINA-WAREHOUSE,CST-00682,0.00826
CHINA-WAREHOUSE,CST-00262,0.0078
CHINA-WAREHOUSE,CST-00474,0.00752
CHINA-WAREHOUSE,CST-00537,0.0075
CHINA-WAREHOUSE,CST-00541,0.0075
CHINA-WAREHOUSE,CST-00939,0.00748
CHINA-WAREHOUSE,CST-00395,0.00689
CHINA-WAREHOUSE,CST-00249,0.00688
CHINA-WAREHOUSE,CST-00780,0.00688
CHINA-WAREHOUSE,CST-00424,0.0065
CHINA-WAREHOUSE,CST-00098,0.00601
CHINA-WAREHOUSE,CST-00980,0.006000000000000001
CHINA-WAREHOUSE,CST-00154,0.006
CHINA-WAREHOUSE,CST-00188,0.006
CHINA-WAREHOUSE,CST-00200,0.006
CHINA-WAREHOUSE,CST-00297,0.006
CHINA-WAREHOUSE,CST-00307,0.006
CHINA-WAREHOUSE,CST-00406,0.006
CHINA-WAREHOUSE,CST-00425,0.006
CHINA-WAREHOUSE,CST-00637,0.006
CHINA-WAREHOUSE,CST-00703,0.006
CHINA-WAREHOUSE,CST-00794,0.006
CHINA-WAREHOUSE,CST-00844,0.006
CHINA-WAREHOUSE,CST-00864,0.006
CHINA-WAREHOUSE,CST-00884,0.006
CHINA-WAREHOUSE,CST-00897,0.006
CHINA-WAREHOUSE,CST-00902,0.006
CHINA-WAREHOUSE,CST-00987,0.006
CHINA-WAREHOUSE,CST-00234,0.00588
CHINA-WAREHOUSE,CST-00350,0.0055
CHINA-WAREHOUSE,CST-00366,0.0055
CHINA-WAREHOUSE,CST-00433,0.0055
CHINA-WAREHOUSE,CST-00533,0.0055
CHINA-WAREHOUSE,CST-00665,0.0055
CHINA-WAREHOUSE,CST-00788,0.0055
CHINA-WAREHOUSE,CST-00893,0.0055
CHINA-WAREHOUSE,CST-00906,0.0055
CHINA-WAREHOUSE,CST-00375,0.005
CHINA-WAREHOUSE,CST-00414,0.005
CHINA-WAREHOUSE,CST-00461,0.005
CHINA-WAREHOUSE,CST-00900,0.00451
CHINA-WAREHOUSE,CST-00428,0.0045000000000000005
CHINA-WAREHOUSE,CST-00798,0.0045000000000000005
CHINA-WAREHOUSE,CST-00806,0.0045000000000000005
CHINA-WAREHOUSE,CST-00410,0.0045
CHINA-WAREHOUSE,CST-00475,0.0045
CHINA-WAREHOUSE,CST-00590,0.0045
CHINA-WAREHOUSE,CST-00612,0.0045
CHINA-WAREHOUSE,CST-00669,0.0045
CHINA-WAREHOUSE,CST-00943,0.0045
CHINA-WAREHOUSE,CST-00691,0.00441
CHINA-WAREHOUSE,CST-00306,0.004200000000000001
CHINA-WAREHOUSE,CST-00957,0.00417
CHINA-WAREHOUSE,CST-00472,0.00413
CHINA-WAREHOUSE,CST-00723,0.00376
CHINA-WAREHOUSE,CST-00456,0.00364
CHINA-WAREHOUSE,CST-00519,0.00335
CHINA-WAREHOUSE,CST-00579,0.00335
CHINA-WAREHOUSE,CST-00587,0.0032300000000000002
CHINA-WAREHOUSE,CST-00951,0.0031
CHINA-WAREHOUSE,CST-00738,0.00305
CHINA-WAREHOUSE,CST-00270,0.00301
CHINA-WAREHOUSE,CST-00136,0.003
CHINA-WAREHOUSE,CST-00187,0.003
CHINA-WAREHOUSE,CST-00246,0.003
CHINA-WAREHOUSE,CST-00278,0.003
CHINA-WAREHOUSE,CST-00279,0.003
CHINA-WAREHOUSE,CST-00457,0.003
CHINA-WAREHOUSE,CST-00589,0.003
CHINA-WAREHOUSE,CST-00613,0.003
CHINA-WAREHOUSE,CST-00725,0.003
CHINA-WAREHOUSE,CST-00760,0.003
CHINA-WAREHOUSE,CST-00839,0.003
CHINA-WAREHOUSE,CST-00898,0.003
CHINA-WAREHOUSE,CST-00899,0.003
CHINA-WAREHOUSE,CST-00918,0.003
CHINA-WAREHOUSE,CST-00921,0.003
CHINA-WAREHOUSE,CST-00930,0.003
CHINA-WAREHOUSE,CST-00977,0.003
CHINA-WAREHOUSE,CST-00186,0.00281
CHINA-WAREHOUSE,CST-00233,0.00276
CHINA-WAREHOUSE,CST-00950,0.00276
CHINA-WAREHOUSE,CST-00224,0.00275
CHINA-WAREHOUSE,CST-00288,0.00275
CHINA-WAREHOUSE,CST-00985,0.00275
CHINA-WAREHOUSE,CST-00986,0.00275
CHINA-WAREHOUSE,CST-00642,0.0025299999999999997
CHINA-WAREHOUSE,CST-00892,0.0025
CHINA-WAREHOUSE,CST-00830,0.00214
CHINA-WAREHOUSE,CST-00655,0.00196
CHINA-WAREHOUSE,CST-00932,0.0018
CHINA-WAREHOUSE,CST-00810,0.00178
CHINA-WAREHOUSE,CST-00322,0.00169
CHINA-WAREHOUSE,CST-00887,0.00165
CHINA-WAREHOUSE,CST-00907,0.0016
CHINA-WAREHOUSE,CST-00608,0.00158
CHINA-WAREHOUSE,CST-00055,0.0015
CHINA-WAREHOUSE,CST-00296,0.0015
CHINA-WAREHOUSE,CST-00328,0.0015
CHINA-WAREHOUSE,CST-00444,0.0015
CHINA-WAREHOUSE,CST-00458,0.0015
CHINA-WAREHOUSE,CST-00518,0.0015
CHINA-WAREHOUSE,CST-00576,0.0015
CHINA-WAREHOUSE,CST-00653,0.0015
CHINA-WAREHOUSE,CST-00694,0.0015
CHINA-WAREHOUSE,CST-00766,0.0015
CHINA-WAREHOUSE,CST-00837,0.0015
CHINA-WAREHOUSE,CST-00849,0.0015
CHINA-WAREHOUSE,CST-00870,0.0015
CHINA-WAREHOUSE,CST-00878,0.0015
CHINA-WAREHOUSE,CST-00944,0.0015
CHINA-WAREHOUSE,CST-00948,0.0015
CHINA-WAREHOUSE,CST-00960,0.0015
CHINA-WAREHOUSE,CST-00964,0.0015
CHINA-WAREHOUSE,CST-00978,0.0015
CHINA-WAREHOUSE,CST-00981,0.0015
CHINA-WAREHOUSE,CST-00982,0.0015
CHINA-WAREHOUSE,CST-00681,0.00148
CHINA-WAREHOUSE,CST-00983,0.00139
CHINA-WAREHOUSE,CST-00157,0.0013800000000000002
CHINA-WAREHOUSE,CST-00336,0.00138
CHINA-WAREHOUSE,CST-00342,0.00138
CHINA-WAREHOUSE,CST-00442,0.00138
CHINA-WAREHOUSE,CST-00504,0.00138
CHINA-WAREHOUSE,CST-00596,0.00138
CHINA-WAREHOUSE,CST-00597,0.00138
CHINA-WAREHOUSE,CST-00627,0.00138
CHINA-WAREHOUSE,CST-00660,0.00138
CHINA-WAREHOUSE,CST-00671,0.00138
CHINA-WAREHOUSE,CST-00724,0.00138
CHINA-WAREHOUSE,CST-00786,0.00138
CHINA-WAREHOUSE,CST-00915,0.00138
CHINA-WAREHOUSE,CST-00917,0.00138
CHINA-WAREHOUSE,CST-00931,0.00138
CHINA-WAREHOUSE,CST-00961,0.00138
CHINA-WAREHOUSE,CST-00998,0.00138
CHINA-WAREHOUSE,CST-00680,0.0013
CHINA-WAREHOUSE,CST-00827,0.00125
CHINA-WAREHOUSE,CST-00877,0.00125
CHINA-WAREHOUSE,CST-00353,0.00122
CHINA-WAREHOUSE,CST-00571,0.00105
CHINA-WAREHOUSE,CST-00829,0.001
CHINA-WAREHOUSE,CST-00927,0.001
CHINA-WAREHOUSE,CST-00990,0.001
CHINA-WAREHOUSE,CST-00364,0.0009599999999999999
CHINA-WAREHOUSE,CST-00715,0.0009
CHINA-WAREHOUSE,CST-00945,0.0008500000000000001
CHINA-WAREHOUSE,CST-00762,0.00083
CHINA-WAREHOUSE,CST-00679,0.0008
CHINA-WAREHOUSE,CST-00890,0.0007999999999999999
CHINA-WAREHOUSE,CST-00935,0.0007999999999999999
CHINA-WAREHOUSE,CST-00745,0.00075
CHINA-WAREHOUSE,CST-00374,0.00055
CHINA-WAREHOUSE,CST-00709,0.00055
CHINA-WAREHOUSE,CST-00032,0.0005
CHINA-WAREHOUSE,CST-00367,0.0005
CHINA-WAREHOUSE,CST-00543,0.0005
CHINA-WAREHOUSE,CST-00634,0.0005
CHINA-WAREHOUSE,CST-00697,0.0005
CHINA-WAREHOUSE,CST-00744,0.0005
CHINA-WAREHOUSE,CST-00832,0.0005
CHINA-WAREHOUSE,CST-00903,0.0005
CHINA-WAREHOUSE,CST-00568,0.0004
CHINA-WAREHOUSE,CST-00699,0.0004
CHINA-WAREHOUSE,CST-00708,0.0004
CHINA-WAREHOUSE,CST-00436,0.00038
CHINA-WAREHOUSE,CST-00720,0.00038
CHINA-WAREHOUSE,CST-00305,0.00037999999999999997
CHINA-WAREHOUSE,CST-00714,0.00035
CHINA-WAREHOUSE,CST-01000,0.00033
CHINA-WAREHOUSE,CST-00245,0.00031
CHINA-WAREHOUSE,CST-00620,0.00030000000000000003
CHINA-WAREHOUSE,CST-00527,0.0003
CHINA-WAREHOUSE,CST-00530,0.0003
CHINA-WAREHOUSE,CST-00535,0.0003
CHINA-WAREHOUSE,CST-00754,0.0003
CHINA-WAREHOUSE,CST-00834,0.0003
CHINA-WAREHOUSE,CST-00727,0.00026000000000000003
CHINA-WAREHOUSE,CST-00835,0.00026000000000000003
CHINA-WAREHOUSE,CST-00488,0.00025
CHINA-WAREHOUSE,CST-00963,0.00025
CHINA-WAREHOUSE,CST-00078,0.00021
CHINA-WAREHOUSE,CST-00434,0.00020999999999999998
CHINA-WAREHOUSE,CST-00340,0.0002
CHINA-WAREHOUSE,CST-00508,0.0002
CHINA-WAREHOUSE,CST-00565,0.0002
CHINA-WAREHOUSE,CST-00811,0.0002
CHINA-WAREHOUSE,CST-00815,0.0002
CHINA-WAREHOUSE,CST-00954,0.0002
CHINA-WAREHOUSE,CST-00617,0.00019999999999999998
CHINA-WAREHOUSE,CST-00615,0.00015000000000000001
CHINA-WAREHOUSE,CST-00790,0.00015000000000000001
CHINA-WAREHOUSE,CST-00415,0.00015
CHINA-WAREHOUSE,CST-00741,0.00015
CHINA-WAREHOUSE,CST-00859,0.00015
CHINA-WAREHOUSE,CST-00600,0.00011
CHINA-WAREHOUSE,CST-00751,0.00010999999999999999
CHINA-WAREHOUSE,CST-00484,0.0001
CHINA-WAREHOUSE,CST-00528,0.0001
CHINA-WAREHOUSE,CST-00538,0.0001
CHINA-WAREHOUSE,CST-00752,0.0001
CHINA-WAREHOUSE,CST-00755,0.0001
CHINA-WAREHOUSE,CST-00814,0.0001
CHINA-WAREHOUSE,CST-00820,0.0001
CHINA-WAREHOUSE,CST-00911,0.0001
CHINA-WAREHOUSE,CST-00976,0.0001
CHINA-WAREHOUSE,CST-00550,8e-05
CHINA-WAREHOUSE,CST-00636,8e-05
CHINA-WAREHOUSE,CST-00758,7.999999999999999e-05
CHINA-WAREHOUSE,CST-00999,7.999999999999999e-05
CHINA-WAREHOUSE,CST-00544,5.9999999999999995e-05
CHINA-WAREHOUSE,CST-00633,5.9999999999999995e-05
CHINA-WAREHOUSE,CST-00886,5.9999999999999995e-05
CHINA-WAREHOUSE,CST-00243,5e-05
CHINA-WAREHOUSE,CST-00500,5e-05
CHINA-WAREHOUSE,CST-00692,5e-05
CHINA-WAREHOUSE,CST-00813,5e-05
CHINA-WAREHOUSE,CST-00503,2.9999999999999997e-05
CHINA-WAREHOUSE,CST-00630,2.9999999999999997e-05
CHINA-WAREHOUSE,CST-00647,2.9999999999999997e-05
CHINA-WAREHOUSE,CST-00737,2.9999999999999997e-05
CHINA-WAREHOUSE,CST-00746,2.9999999999999997e-05
CHINA-WAREHOUSE,CST-00916,2.9999999999999997e-05
CHINA-WAREHOUSE,CST-00949,2.9999999999999997e-05
CHINA-WAREHOUSE,CST-00962,2.9999999999999997e-05
SINGAPORE-WAREHOUSE,CST-01105,3.519
SINGAPORE-WAREHOUSE,CST-01053,2.5740000000000003
SINGAPORE-WAREHOUSE,CST-01116,2.1285
SINGAPORE-WAREHOUSE,CST-01083,2.065025
SINGAPORE-WAREHOUSE,CST-01035,1.9889999999999999
SINGAPORE-WAREHOUSE,CST-01034,1.98
SINGAPORE-WAREHOUSE,CST-01025,1.931375
SINGAPORE-WAREHOUSE,CST-01156,1.7928250000000001
SINGAPORE-WAREHOUSE,CST-01041,1.7824
SINGAPORE-WAREHOUSE,CST-01043,1.6335600000000001
SINGAPORE-WAREHOUSE,CST-01294,1.6335
SINGAPORE-WAREHOUSE,CST-01158,1.5097500000000001
SINGAPORE-WAREHOUSE,CST-01073,1.46175
SINGAPORE-WAREHOUSE,CST-00268,1.4601250000000001
SINGAPORE-WAREHOUSE,CST-01195,1.43635
SINGAPORE-WAREHOUSE,CST-01224,1.43625
SINGAPORE-WAREHOUSE,CST-01291,1.41575
SINGAPORE-WAREHOUSE,CST-01058,1.41075
SINGAPORE-WAREHOUSE,CST-01086,1.41075
SINGAPORE-WAREHOUSE,CST-01028,1.397
SINGAPORE-WAREHOUSE,CST-01089,1.356
SINGAPORE-WAREHOUSE,CST-01098,1.3365
SINGAPORE-WAREHOUSE,CST-01111,1.2465
SINGAPORE-WAREHOUSE,CST-01110,1.188
SINGAPORE-WAREHOUSE,CST-01040,1.13375
SINGAPORE-WAREHOUSE,CST-01081,1.11375
SINGAPORE-WAREHOUSE,CST-01165,1.113575
SINGAPORE-WAREHOUSE,CST-01154,1.089
SINGAPORE-WAREHOUSE,CST-00661,1.0339500000000001
SINGAPORE-WAREHOUSE,CST-00588,1.0294
SINGAPORE-WAREHOUSE,CST-01237,1.02714
SINGAPORE-WAREHOUSE,CST-01031,1.014725
SINGAPORE-WAREHOUSE,CST-01020,1.01441
SINGAPORE-WAREHOUSE,CST-01249,0.99
SINGAPORE-WAREHOUSE,CST-01302,0.99
SINGAPORE-WAREHOUSE,CST-01182,0.9404750000000001
SINGAPORE-WAREHOUSE,CST-01128,0.94038
SINGAPORE-WAREHOUSE,CST-01017,0.935925
SINGAPORE-WAREHOUSE,CST-01207,0.935
SINGAPORE-WAREHOUSE,CST-01136,0.891
SINGAPORE-WAREHOUSE,CST-01200,0.8662500000000001
SINGAPORE-WAREHOUSE,CST-01314,0.86625
SINGAPORE-WAREHOUSE,CST-00272,0.8610500000000001
SINGAPORE-WAREHOUSE,CST-01005,0.8415
SINGAPORE-WAREHOUSE,CST-01022,0.8415
SINGAPORE-WAREHOUSE,CST-01247,0.840125
SINGAPORE-WAREHOUSE,CST-01100,0.82775
SINGAPORE-WAREHOUSE,CST-01176,0.818125
SINGAPORE-WAREHOUSE,CST-01120,0.81675
SINGAPORE-WAREHOUSE,CST-01304,0.81675
SINGAPORE-WAREHOUSE,CST-01072,0.792
SINGAPORE-WAREHOUSE,CST-00615,0.78975
SINGAPORE-WAREHOUSE,CST-01148,0.75371
SINGAPORE-WAREHOUSE,CST-01059,0.74261
SINGAPORE-WAREHOUSE,CST-01172,0.7425
SINGAPORE-WAREHOUSE,CST-01012,0.7344
SINGAPORE-WAREHOUSE,CST-01121,0.7205
SINGAPORE-WAREHOUSE,CST-01099,0.690225
SINGAPORE-WAREHOUSE,CST-00205,0.680625
SINGAPORE-WAREHOUSE,CST-01214,0.66825
SINGAPORE-WAREHOUSE,CST-01024,0.6435000000000001
SINGAPORE-WAREHOUSE,CST-01075,0.6435000000000001
SINGAPORE-WAREHOUSE,CST-01091,0.6435000000000001
SINGAPORE-WAREHOUSE,CST-01199,0.6435000000000001
SINGAPORE-WAREHOUSE,CST-01409,0.6435000000000001
SINGAPORE-WAREHOUSE,CST-01142,0.6435
SINGAPORE-WAREHOUSE,CST-01277,0.61875
SINGAPORE-WAREHOUSE,CST-01042,0.6185
SINGAPORE-WAREHOUSE,CST-00002,0.612
SINGAPORE-WAREHOUSE,CST-01167,0.611675
SINGAPORE-WAREHOUSE,CST-01009,0.608
SINGAPORE-WAREHOUSE,CST-01333,0.595375
SINGAPORE-WAREHOUSE,CST-01276,0.5940000000000001
SINGAPORE-WAREHOUSE,CST-01063,0.594
SINGAPORE-WAREHOUSE,CST-01122,0.5926250000000001
SINGAPORE-WAREHOUSE,CST-01308,0.587275
SINGAPORE-WAREHOUSE,CST-01219,0.56873
SINGAPORE-WAREHOUSE,CST-01112,0.54452
SINGAPORE-WAREHOUSE,CST-01032,0.5445
SINGAPORE-WAREHOUSE,CST-01113,0.5445
SINGAPORE-WAREHOUSE,CST-01215,0.5445
SINGAPORE-WAREHOUSE,CST-01197,0.5393
SINGAPORE-WAREHOUSE,CST-01038,0.532125
SINGAPORE-WAREHOUSE,CST-01175,0.5295
SINGAPORE-WAREHOUSE,CST-01117,0.52254
SINGAPORE-WAREHOUSE,CST-01202,0.51975
SINGAPORE-WAREHOUSE,CST-01211,0.51975
SINGAPORE-WAREHOUSE,CST-01206,0.51425
SINGAPORE-WAREHOUSE,CST-01037,0.495
SINGAPORE-WAREHOUSE,CST-01102,0.495
SINGAPORE-WAREHOUSE,CST-01221,0.495
SINGAPORE-WAREHOUSE,CST-01045,0.48489
SINGAPORE-WAREHOUSE,CST-01272,0.47025
SINGAPORE-WAREHOUSE,CST-01336,0.47025
SINGAPORE-WAREHOUSE,CST-01380,0.47025
SINGAPORE-WAREHOUSE,CST-01394,0.47025
SINGAPORE-WAREHOUSE,CST-01140,0.46747500000000003
SINGAPORE-WAREHOUSE,CST-01166,0.4455
SINGAPORE-WAREHOUSE,CST-01013,0.43446000000000007
SINGAPORE-WAREHOUSE,CST-01014,0.42076
SINGAPORE-WAREHOUSE,CST-01002,0.42075
SINGAPORE-WAREHOUSE,CST-01069,0.40425
SINGAPORE-WAREHOUSE,CST-01183,0.400125
SINGAPORE-WAREHOUSE,CST-01210,0.396
SINGAPORE-WAREHOUSE,CST-01236,0.396
SINGAPORE-WAREHOUSE,CST-01390,0.396
SINGAPORE-WAREHOUSE,CST-01067,0.3825
SINGAPORE-WAREHOUSE,CST-01187,0.37125
SINGAPORE-WAREHOUSE,CST-01266,0.37125
SINGAPORE-WAREHOUSE,CST-01323,0.37125
SINGAPORE-WAREHOUSE,CST-01184,0.36
SINGAPORE-WAREHOUSE,CST-01039,0.3575
SINGAPORE-WAREHOUSE,CST-01296,0.357
SINGAPORE-WAREHOUSE,CST-01135,0.35475
SINGAPORE-WAREHOUSE,CST-01170,0.353325
SINGAPORE-WAREHOUSE,CST-01192,0.34650000000000003
SINGAPORE-WAREHOUSE,CST-01193,0.34650000000000003
SINGAPORE-WAREHOUSE,CST-01260,0.34650000000000003
SINGAPORE-WAREHOUSE,CST-01295,0.34625
SINGAPORE-WAREHOUSE,CST-01258,0.34623
SINGAPORE-WAREHOUSE,CST-01241,0.34375
SINGAPORE-WAREHOUSE,CST-01087,0.33275
SINGAPORE-WAREHOUSE,CST-01330,0.323125
SINGAPORE-WAREHOUSE,CST-01047,0.32175000000000004
SINGAPORE-WAREHOUSE,CST-01082,0.32175000000000004
SINGAPORE-WAREHOUSE,CST-01265,0.32175000000000004
SINGAPORE-WAREHOUSE,CST-01008,0.319
SINGAPORE-WAREHOUSE,CST-01070,0.29821000000000003
SINGAPORE-WAREHOUSE,CST-01213,0.297
SINGAPORE-WAREHOUSE,CST-01292,0.297
SINGAPORE-WAREHOUSE,CST-01484,0.297
SINGAPORE-WAREHOUSE,CST-01486,0.297
SINGAPORE-WAREHOUSE,CST-01198,0.28
SINGAPORE-WAREHOUSE,CST-01106,0.27225
SINGAPORE-WAREHOUSE,CST-01186,0.27225
SINGAPORE-WAREHOUSE,CST-01283,0.27225
SINGAPORE-WAREHOUSE,CST-01324,0.27225
SINGAPORE-WAREHOUSE,CST-01030,0.26075
SINGAPORE-WAREHOUSE,CST-01027,0.250675
SINGAPORE-WAREHOUSE,CST-01033,0.2475
SINGAPORE-WAREHOUSE,CST-01044,0.2475
SINGAPORE-WAREHOUSE,CST-01048,0.2475
SINGAPORE-WAREHOUSE,CST-01107,0.2475
SINGAPORE-WAREHOUSE,CST-01145,0.2475
SINGAPORE-WAREHOUSE,CST-01327,0.2475
SINGAPORE-WAREHOUSE,CST-01337,0.2475
SINGAPORE-WAREHOUSE,CST-01018,0.247475
SINGAPORE-WAREHOUSE,CST-01104,0.24705000000000002
SINGAPORE-WAREHOUSE,CST-01412,0.24338
SINGAPORE-WAREHOUSE,CST-01057,0.24
SINGAPORE-WAREHOUSE,CST-01375,0.2355
SINGAPORE-WAREHOUSE,CST-01056,0.23515
SINGAPORE-WAREHOUSE,CST-01257,0.23375
SINGAPORE-WAREHOUSE,CST-01259,0.23375
SINGAPORE-WAREHOUSE,CST-00550,0.22949999999999998
SINGAPORE-WAREHOUSE,CST-01077,0.22949999999999998
SINGAPORE-WAREHOUSE,CST-01472,0.22949999999999998
SINGAPORE-WAREHOUSE,CST-00535,0.225
SINGAPORE-WAREHOUSE,CST-01180,0.22499999999999998
SINGAPORE-WAREHOUSE,CST-01074,0.22275
SINGAPORE-WAREHOUSE,CST-01209,0.22275
SINGAPORE-WAREHOUSE,CST-01352,0.22275
SINGAPORE-WAREHOUSE,CST-01003,0.220625
SINGAPORE-WAREHOUSE,CST-01381,0.22
SINGAPORE-WAREHOUSE,CST-01190,0.2092
SINGAPORE-WAREHOUSE,CST-01274,0.20900000000000002
SINGAPORE-WAREHOUSE,CST-01410,0.20900000000000002
SINGAPORE-WAREHOUSE,CST-01418,0.20625
SINGAPORE-WAREHOUSE,CST-01181,0.204
SINGAPORE-WAREHOUSE,CST-01338,0.19801000000000002
SINGAPORE-WAREHOUSE,CST-00092,0.198
SINGAPORE-WAREHOUSE,CST-01060,0.198
SINGAPORE-WAREHOUSE,CST-01068,0.198
SINGAPORE-WAREHOUSE,CST-01138,0.198
SINGAPORE-WAREHOUSE,CST-01345,0.198
SINGAPORE-WAREHOUSE,CST-01361,0.198
SINGAPORE-WAREHOUSE,CST-01451,0.198
SINGAPORE-WAREHOUSE,CST-01144,0.197975
SINGAPORE-WAREHOUSE,CST-01194,0.1785
SINGAPORE-WAREHOUSE,CST-01512,0.1785
SINGAPORE-WAREHOUSE,CST-01019,0.17626
SINGAPORE-WAREHOUSE,CST-01114,0.17325000000000002
SINGAPORE-WAREHOUSE,CST-01125,0.17325000000000002
SINGAPORE-WAREHOUSE,CST-01269,0.17325000000000002
SINGAPORE-WAREHOUSE,CST-01299,0.17325000000000002
SINGAPORE-WAREHOUSE,CST-01388,0.17325000000000002
SINGAPORE-WAREHOUSE,CST-01123,0.170675
SINGAPORE-WAREHOUSE,CST-01201,0.1595
SINGAPORE-WAREHOUSE,CST-01240,0.15675
SINGAPORE-WAREHOUSE,CST-01250,0.15675
SINGAPORE-WAREHOUSE,CST-01178,0.1552
SINGAPORE-WAREHOUSE,CST-00325,0.153
SINGAPORE-WAREHOUSE,CST-01016,0.153
SINGAPORE-WAREHOUSE,CST-01189,0.153
SINGAPORE-WAREHOUSE,CST-01407,0.153
SINGAPORE-WAREHOUSE,CST-01447,0.153
SINGAPORE-WAREHOUSE,CST-01411,0.15128
SINGAPORE-WAREHOUSE,CST-00169,0.14850000000000002
SINGAPORE-WAREHOUSE,CST-01026,0.14850000000000002
SINGAPORE-WAREHOUSE,CST-01311,0.14850000000000002
SINGAPORE-WAREHOUSE,CST-01349,0.14850000000000002
SINGAPORE-WAREHOUSE,CST-01373,0.14850000000000002
SINGAPORE-WAREHOUSE,CST-01015,0.1485
SINGAPORE-WAREHOUSE,CST-01065,0.1485
SINGAPORE-WAREHOUSE,CST-01118,0.1485
SINGAPORE-WAREHOUSE,CST-01133,0.1485
SINGAPORE-WAREHOUSE,CST-01223,0.1485
SINGAPORE-WAREHOUSE,CST-01226,0.1485
SINGAPORE-WAREHOUSE,CST-01235,0.1485
SINGAPORE-WAREHOUSE,CST-01290,0.1485
SINGAPORE-WAREHOUSE,CST-01489,0.1485
SINGAPORE-WAREHOUSE,CST-01150,0.145
SINGAPORE-WAREHOUSE,CST-01355,0.144875
SINGAPORE-WAREHOUSE,CST-01093,0.14049999999999999
SINGAPORE-WAREHOUSE,CST-01064,0.13642500000000002
SINGAPORE-WAREHOUSE,CST-01160,0.13575
SINGAPORE-WAREHOUSE,CST-01204,0.13475
SINGAPORE-WAREHOUSE,CST-01436,0.13475
SINGAPORE-WAREHOUSE,CST-01108,0.12925
SINGAPORE-WAREHOUSE,CST-01468,0.1275
SINGAPORE-WAREHOUSE,CST-01071,0.12652
SINGAPORE-WAREHOUSE,CST-01246,0.1265
SINGAPORE-WAREHOUSE,CST-00570,0.12375
SINGAPORE-WAREHOUSE,CST-01011,0.12375
SINGAPORE-WAREHOUSE,CST-01046,0.12375
SINGAPORE-WAREHOUSE,CST-01149,0.12375
SINGAPORE-WAREHOUSE,CST-01173,0.12375
SINGAPORE-WAREHOUSE,CST-01185,0.12375
SINGAPORE-WAREHOUSE,CST-01188,0.12375
SINGAPORE-WAREHOUSE,CST-01287,0.12375
SINGAPORE-WAREHOUSE,CST-01328,0.12375
SINGAPORE-WAREHOUSE,CST-01364,0.12375
SINGAPORE-WAREHOUSE,CST-01493,0.12375
SINGAPORE-WAREHOUSE,CST-01515,0.12375
SINGAPORE-WAREHOUSE,CST-01119,0.122225
SINGAPORE-WAREHOUSE,CST-01370,0.121
SINGAPORE-WAREHOUSE,CST-01061,0.1125
SINGAPORE-WAREHOUSE,CST-01225,0.1125
SINGAPORE-WAREHOUSE,CST-01029,0.1113
SINGAPORE-WAREHOUSE,CST-01088,0.10501
SINGAPORE-WAREHOUSE,CST-00057,0.102
SINGAPORE-WAREHOUSE,CST-01137,0.102
SINGAPORE-WAREHOUSE,CST-01177,0.102
SINGAPORE-WAREHOUSE,CST-01264,0.102
SINGAPORE-WAREHOUSE,CST-01457,0.102
SINGAPORE-WAREHOUSE,CST-01462,0.102
SINGAPORE-WAREHOUSE,CST-01480,0.102
SINGAPORE-WAREHOUSE,CST-01487,0.102
SINGAPORE-WAREHOUSE,CST-01499,0.102
SINGAPORE-WAREHOUSE,CST-01511,0.102
SINGAPORE-WAREHOUSE,CST-01460,0.10089999999999999
SINGAPORE-WAREHOUSE,CST-01109,0.1
SINGAPORE-WAREHOUSE,CST-01456,0.09910000000000001
SINGAPORE-WAREHOUSE,CST-01049,0.099
SINGAPORE-WAREHOUSE,CST-01129,0.099
SINGAPORE-WAREHOUSE,CST-01179,0.099
SINGAPORE-WAREHOUSE,CST-01238,0.099
SINGAPORE-WAREHOUSE,CST-01239,0.099
SINGAPORE-WAREHOUSE,CST-01253,0.099
SINGAPORE-WAREHOUSE,CST-01254,0.099
SINGAPORE-WAREHOUSE,CST-01255,0.099
SINGAPORE-WAREHOUSE,CST-01267,0.099
SINGAPORE-WAREHOUSE,CST-01271,0.099
SINGAPORE-WAREHOUSE,CST-01278,0.099
SINGAPORE-WAREHOUSE,CST-01303,0.099
SINGAPORE-WAREHOUSE,CST-01310,0.099
SINGAPORE-WAREHOUSE,CST-01315,0.099
SINGAPORE-WAREHOUSE,CST-01322,0.099
SINGAPORE-WAREHOUSE,CST-01326,0.099
SINGAPORE-WAREHOUSE,CST-01368,0.099
SINGAPORE-WAREHOUSE,CST-01396,0.099
SINGAPORE-WAREHOUSE,CST-01400,0.099
SINGAPORE-WAREHOUSE,CST-01401,0.099
SINGAPORE-WAREHOUSE,CST-01426,0.099
SINGAPORE-WAREHOUSE,CST-01432,0.099
SINGAPORE-WAREHOUSE,CST-01435,0.099
SINGAPORE-WAREHOUSE,CST-01450,0.099
SINGAPORE-WAREHOUSE,CST-01488,0.099
SINGAPORE-WAREHOUSE,CST-01501,0.099
SINGAPORE-WAREHOUSE,CST-01507,0.099
SINGAPORE-WAREHOUSE,CST-01465,0.09897500000000001
SINGAPORE-WAREHOUSE,CST-01312,0.09845000000000001
SINGAPORE-WAREHOUSE,CST-01227,0.0975
SINGAPORE-WAREHOUSE,CST-01052,0.09625
SINGAPORE-WAREHOUSE,CST-01231,0.0945
SINGAPORE-WAREHOUSE,CST-01203,0.0935
SINGAPORE-WAREHOUSE,CST-01147,0.09
SINGAPORE-WAREHOUSE,CST-01263,0.09
SINGAPORE-WAREHOUSE,CST-01096,0.08925
SINGAPORE-WAREHOUSE,CST-01397,0.088
SINGAPORE-WAREHOUSE,CST-01076,0.08525
SINGAPORE-WAREHOUSE,CST-01377,0.08525
SINGAPORE-WAREHOUSE,CST-01522,0.08524999999999999
SINGAPORE-WAREHOUSE,CST-01095,0.0825
SINGAPORE-WAREHOUSE,CST-01494,0.082
SINGAPORE-WAREHOUSE,CST-01127,0.07704000000000001
SINGAPORE-WAREHOUSE,CST-01222,0.07575
SINGAPORE-WAREHOUSE,CST-01392,0.074325
SINGAPORE-WAREHOUSE,CST-01372,0.07425999999999999
SINGAPORE-WAREHOUSE,CST-00196,0.07425000000000001
SINGAPORE-WAREHOUSE,CST-01155,0.07425000000000001
SINGAPORE-WAREHOUSE,CST-01306,0.07425000000000001
SINGAPORE-WAREHOUSE,CST-01371,0.07425000000000001
SINGAPORE-WAREHOUSE,CST-01399,0.07425000000000001
SINGAPORE-WAREHOUSE,CST-01420,0.07425000000000001
SINGAPORE-WAREHOUSE,CST-01443,0.07425000000000001
SINGAPORE-WAREHOUSE,CST-01483,0.07425000000000001
SINGAPORE-WAREHOUSE,CST-01143,0.07425
SINGAPORE-WAREHOUSE,CST-01232,0.07425
SINGAPORE-WAREHOUSE,CST-01244,0.07425
SINGAPORE-WAREHOUSE,CST-01383,0.07425
SINGAPORE-WAREHOUSE,CST-01445,0.07425
SINGAPORE-WAREHOUSE,CST-01010,0.0735
SINGAPORE-WAREHOUSE,CST-01360,0.07341
SINGAPORE-WAREHOUSE,CST-00828,0.070075
SINGAPORE-WAREHOUSE,CST-01233,0.0675
SINGAPORE-WAREHOUSE,CST-01490,0.0675
SINGAPORE-WAREHOUSE,CST-01279,0.066
SINGAPORE-WAREHOUSE,CST-01340,0.066
SINGAPORE-WAREHOUSE,CST-01216,0.065375
SINGAPORE-WAREHOUSE,CST-01151,0.065
SINGAPORE-WAREHOUSE,CST-01124,0.0605
SINGAPORE-WAREHOUSE,CST-01243,0.057749999999999996
SINGAPORE-WAREHOUSE,CST-01413,0.05745
SINGAPORE-WAREHOUSE,CST-01191,0.055999999999999994
SINGAPORE-WAREHOUSE,CST-01021,0.055009999999999996
SINGAPORE-WAREHOUSE,CST-01080,0.055
SINGAPORE-WAREHOUSE,CST-01130,0.052500000000000005
SINGAPORE-WAREHOUSE,CST-01402,0.051175000000000005
SINGAPORE-WAREHOUSE,CST-01169,0.051000000000000004
SINGAPORE-WAREHOUSE,CST-01481,0.051
SINGAPORE-WAREHOUSE,CST-01495,0.051
SINGAPORE-WAREHOUSE,CST-01497,0.051
SINGAPORE-WAREHOUSE,CST-01506,0.051
SINGAPORE-WAREHOUSE,CST-01510,0.051
SINGAPORE-WAREHOUSE,CST-01516,0.051
SINGAPORE-WAREHOUSE,CST-01403,0.050975
SINGAPORE-WAREHOUSE,CST-01356,0.05025
SINGAPORE-WAREHOUSE,CST-00132,0.0495
SINGAPORE-WAREHOUSE,CST-00462,0.0495
SINGAPORE-WAREHOUSE,CST-00745,0.0495
SINGAPORE-WAREHOUSE,CST-00752,0.0495
SINGAPORE-WAREHOUSE,CST-00867,0.0495
SINGAPORE-WAREHOUSE,CST-01062,0.0495
SINGAPORE-WAREHOUSE,CST-01066,0.0495
SINGAPORE-WAREHOUSE,CST-01079,0.0495
SINGAPORE-WAREHOUSE,CST-01085,0.0495
SINGAPORE-WAREHOUSE,CST-01131,0.0495
SINGAPORE-WAREHOUSE,CST-01152,0.0495
SINGAPORE-WAREHOUSE,CST-01159,0.0495
SINGAPORE-WAREHOUSE,CST-01162,0.0495
SINGAPORE-WAREHOUSE,CST-01208,0.0495
SINGAPORE-WAREHOUSE,CST-01212,0.0495
SINGAPORE-WAREHOUSE,CST-01245,0.0495
SINGAPORE-WAREHOUSE,CST-01268,0.0495
SINGAPORE-WAREHOUSE,CST-01293,0.0495
SINGAPORE-WAREHOUSE,CST-01307,0.0495
SINGAPORE-WAREHOUSE,CST-01309,0.0495
SINGAPORE-WAREHOUSE,CST-01335,0.0495
SINGAPORE-WAREHOUSE,CST-01342,0.0495
SINGAPORE-WAREHOUSE,CST-01346,0.0495
SINGAPORE-WAREHOUSE,CST-01347,0.0495
SINGAPORE-WAREHOUSE,CST-01351,0.0495
SINGAPORE-WAREHOUSE,CST-01384,0.0495
SINGAPORE-WAREHOUSE,CST-01395,0.0495
SINGAPORE-WAREHOUSE,CST-01404,0.0495
SINGAPORE-WAREHOUSE,CST-01422,0.0495
SINGAPORE-WAREHOUSE,CST-01423,0.0495
SINGAPORE-WAREHOUSE,CST-01431,0.0495
SINGAPORE-WAREHOUSE,CST-01437,0.0495
SINGAPORE-WAREHOUSE,CST-01442,0.0495
SINGAPORE-WAREHOUSE,CST-01446,0.0495
SINGAPORE-WAREHOUSE,CST-01455,0.0495
SINGAPORE-WAREHOUSE,CST-01459,0.0495
SINGAPORE-WAREHOUSE,CST-01467,0.0495
SINGAPORE-WAREHOUSE,CST-01479,0.0495
SINGAPORE-WAREHOUSE,CST-01505,0.0495
SINGAPORE-WAREHOUSE,CST-01508,0.0495
SINGAPORE-WAREHOUSE,CST-01514,0.0495
SINGAPORE-WAREHOUSE,CST-01517,0.0495
SINGAPORE-WAREHOUSE,CST-01519,0.0495
SINGAPORE-WAREHOUSE,CST-01524,0.0495
SINGAPORE-WAREHOUSE,CST-01525,0.0495
SINGAPORE-WAREHOUSE,CST-01168,0.049499999999999995
SINGAPORE-WAREHOUSE,CST-01229,0.049499999999999995
SINGAPORE-WAREHOUSE,CST-01362,0.04874
SINGAPORE-WAREHOUSE,CST-01332,0.04705
SINGAPORE-WAREHOUSE,CST-01281,0.04675
SINGAPORE-WAREHOUSE,CST-01359,0.04675
SINGAPORE-WAREHOUSE,CST-01270,0.045
SINGAPORE-WAREHOUSE,CST-01325,0.045
SINGAPORE-WAREHOUSE,CST-01348,0.045
SINGAPORE-WAREHOUSE,CST-01448,0.045
SINGAPORE-WAREHOUSE,CST-01141,0.044
SINGAPORE-WAREHOUSE,CST-01374,0.044
SINGAPORE-WAREHOUSE,CST-01220,0.04
SINGAPORE-WAREHOUSE,CST-01428,0.037700000000000004
SINGAPORE-WAREHOUSE,CST-01097,0.03
SINGAPORE-WAREHOUSE,CST-01164,0.028390000000000002
SINGAPORE-WAREHOUSE,CST-01092,0.026875
SINGAPORE-WAREHOUSE,CST-01054,0.026350000000000002
SINGAPORE-WAREHOUSE,CST-01321,0.026125000000000002
SINGAPORE-WAREHOUSE,CST-01354,0.026125000000000002
SINGAPORE-WAREHOUSE,CST-01280,0.025759999999999998
SINGAPORE-WAREHOUSE,CST-01393,0.025500000000000002
SINGAPORE-WAREHOUSE,CST-01449,0.025500000000000002
SINGAPORE-WAREHOUSE,CST-01466,0.025500000000000002
SINGAPORE-WAREHOUSE,CST-01513,0.025500000000000002
SINGAPORE-WAREHOUSE,CST-00463,0.0255
SINGAPORE-WAREHOUSE,CST-00654,0.0255
SINGAPORE-WAREHOUSE,CST-01103,0.0255
SINGAPORE-WAREHOUSE,CST-01454,0.0255
SINGAPORE-WAREHOUSE,CST-01470,0.0255
SINGAPORE-WAREHOUSE,CST-01482,0.0255
SINGAPORE-WAREHOUSE,CST-01500,0.0255
SINGAPORE-WAREHOUSE,CST-01286,0.024760000000000004
SINGAPORE-WAREHOUSE,CST-00133,0.02475
SINGAPORE-WAREHOUSE,CST-00355,0.02475
SINGAPORE-WAREHOUSE,CST-00459,0.02475
SINGAPORE-WAREHOUSE,CST-00577,0.02475
SINGAPORE-WAREHOUSE,CST-00655,0.02475
SINGAPORE-WAREHOUSE,CST-00827,0.02475
SINGAPORE-WAREHOUSE,CST-01023,0.02475
SINGAPORE-WAREHOUSE,CST-01084,0.02475
SINGAPORE-WAREHOUSE,CST-01101,0.02475
SINGAPORE-WAREHOUSE,CST-01115,0.02475
SINGAPORE-WAREHOUSE,CST-01132,0.02475
SINGAPORE-WAREHOUSE,CST-01161,0.02475
SINGAPORE-WAREHOUSE,CST-01205,0.02475
SINGAPORE-WAREHOUSE,CST-01230,0.02475
SINGAPORE-WAREHOUSE,CST-01242,0.02475
SINGAPORE-WAREHOUSE,CST-01248,0.02475
SINGAPORE-WAREHOUSE,CST-01251,0.02475
SINGAPORE-WAREHOUSE,CST-01252,0.02475
SINGAPORE-WAREHOUSE,CST-01256,0.02475
SINGAPORE-WAREHOUSE,CST-01275,0.02475
SINGAPORE-WAREHOUSE,CST-01288,0.02475
SINGAPORE-WAREHOUSE,CST-01298,0.02475
SINGAPORE-WAREHOUSE,CST-01300,0.02475
SINGAPORE-WAREHOUSE,CST-01318,0.02475
SINGAPORE-WAREHOUSE,CST-01319,0.02475
SINGAPORE-WAREHOUSE,CST-01320,0.02475
SINGAPORE-WAREHOUSE,CST-01329,0.02475
SINGAPORE-WAREHOUSE,CST-01350,0.02475
SINGAPORE-WAREHOUSE,CST-01353,0.02475
SINGAPORE-WAREHOUSE,CST-01365,0.02475
SINGAPORE-WAREHOUSE,CST-01378,0.02475
SINGAPORE-WAREHOUSE,CST-01379,0.02475
SINGAPORE-WAREHOUSE,CST-01382,0.02475
SINGAPORE-WAREHOUSE,CST-01389,0.02475
SINGAPORE-WAREHOUSE,CST-01391,0.02475
SINGAPORE-WAREHOUSE,CST-01398,0.02475
SINGAPORE-WAREHOUSE,CST-01405,0.02475
SINGAPORE-WAREHOUSE,CST-01415,0.02475
SINGAPORE-WAREHOUSE,CST-01417,0.02475
SINGAPORE-WAREHOUSE,CST-01424,0.02475
SINGAPORE-WAREHOUSE,CST-01430,0.02475
SINGAPORE-WAREHOUSE,CST-01433,0.02475
SINGAPORE-WAREHOUSE,CST-01434,0.02475
SINGAPORE-WAREHOUSE,CST-01438,0.02475
SINGAPORE-WAREHOUSE,CST-01441,0.02475
SINGAPORE-WAREHOUSE,CST-01444,0.02475
SINGAPORE-WAREHOUSE,CST-01453,0.02475
SINGAPORE-WAREHOUSE,CST-01463,0.02475
SINGAPORE-WAREHOUSE,CST-01471,0.02475
SINGAPORE-WAREHOUSE,CST-01477,0.02475
SINGAPORE-WAREHOUSE,CST-01478,0.02475
SINGAPORE-WAREHOUSE,CST-01485,0.02475
SINGAPORE-WAREHOUSE,CST-01496,0.02475
SINGAPORE-WAREHOUSE,CST-01502,0.02475
SINGAPORE-WAREHOUSE,CST-01504,0.02475
SINGAPORE-WAREHOUSE,CST-01509,0.02475
SINGAPORE-WAREHOUSE,CST-01528,0.02475
SINGAPORE-WAREHOUSE,CST-01419,0.024749999999999998
SINGAPORE-WAREHOUSE,CST-01439,0.024749999999999998
SINGAPORE-WAREHOUSE,CST-01473,0.024749999999999998
SINGAPORE-WAREHOUSE,CST-01518,0.024749999999999998
SINGAPORE-WAREHOUSE,CST-01284,0.0245
SINGAPORE-WAREHOUSE,CST-01217,0.02438
SINGAPORE-WAREHOUSE,CST-01273,0.024
SINGAPORE-WAREHOUSE,CST-01317,0.024
SINGAPORE-WAREHOUSE,CST-01358,0.023899999999999998
SINGAPORE-WAREHOUSE,CST-01007,0.023875
SINGAPORE-WAREHOUSE,CST-01366,0.023675
SINGAPORE-WAREHOUSE,CST-01492,0.023625
SINGAPORE-WAREHOUSE,CST-01458,0.023425
SINGAPORE-WAREHOUSE,CST-01289,0.023375
SINGAPORE-WAREHOUSE,CST-01406,0.023375
SINGAPORE-WAREHOUSE,CST-01196,0.023
SINGAPORE-WAREHOUSE,CST-01004,0.0225
SINGAPORE-WAREHOUSE,CST-01036,0.0225
SINGAPORE-WAREHOUSE,CST-01174,0.0225
SINGAPORE-WAREHOUSE,CST-01297,0.0225
SINGAPORE-WAREHOUSE,CST-01305,0.0225
SINGAPORE-WAREHOUSE,CST-01313,0.0225
SINGAPORE-WAREHOUSE,CST-01316,0.0225
SINGAPORE-WAREHOUSE,CST-01385,0.0225
SINGAPORE-WAREHOUSE,CST-01408,0.0225
SINGAPORE-WAREHOUSE,CST-01474,0.0225
SINGAPORE-WAREHOUSE,CST-01498,0.0225
SINGAPORE-WAREHOUSE,CST-00259,0.022
SINGAPORE-WAREHOUSE,CST-01334,0.022
SINGAPORE-WAREHOUSE,CST-01416,0.022
SINGAPORE-WAREHOUSE,CST-01425,0.022
SINGAPORE-WAREHOUSE,CST-01429,0.022
SINGAPORE-WAREHOUSE,CST-01529,0.022
SINGAPORE-WAREHOUSE,CST-01153,0.020999999999999998
SINGAPORE-WAREHOUSE,CST-01343,0.02
SINGAPORE-WAREHOUSE,CST-01475,0.02
SINGAPORE-WAREHOUSE,CST-01261,0.01875
SINGAPORE-WAREHOUSE,CST-01055,0.0165
SINGAPORE-WAREHOUSE,CST-00025,0.012635
SINGAPORE-WAREHOUSE,CST-01078,0.012375
SINGAPORE-WAREHOUSE,CST-01262,0.0121
SINGAPORE-WAREHOUSE,CST-01341,0.012
SINGAPORE-WAREHOUSE,CST-01386,0.012
SINGAPORE-WAREHOUSE,CST-01503,0.012
SINGAPORE-WAREHOUSE,CST-01523,0.012
SINGAPORE-WAREHOUSE,CST-01090,0.011
SINGAPORE-WAREHOUSE,CST-01134,0.011
SINGAPORE-WAREHOUSE,CST-01146,0.011
SINGAPORE-WAREHOUSE,CST-01163,0.011
SINGAPORE-WAREHOUSE,CST-01285,0.011
SINGAPORE-WAREHOUSE,CST-01344,0.011
SINGAPORE-WAREHOUSE,CST-01367,0.011
SINGAPORE-WAREHOUSE,CST-01421,0.011
SINGAPORE-WAREHOUSE,CST-01427,0.011
SINGAPORE-WAREHOUSE,CST-01452,0.011
SINGAPORE-WAREHOUSE,CST-01464,0.011
SINGAPORE-WAREHOUSE,CST-01476,0.011
SINGAPORE-WAREHOUSE,CST-01527,0.011
SINGAPORE-WAREHOUSE,CST-01094,0.01
SINGAPORE-WAREHOUSE,CST-01139,0.01
SINGAPORE-WAREHOUSE,CST-01171,0.01
SINGAPORE-WAREHOUSE,CST-01301,0.01
SINGAPORE-WAREHOUSE,CST-01414,0.009630000000000001
SINGAPORE-WAREHOUSE,CST-01228,0.006875
SINGAPORE-WAREHOUSE,CST-01461,0.005775000000000001
SINGAPORE-WAREHOUSE,CST-01157,0.00375
SINGAPORE-WAREHOUSE,CST-01050,0.003475
SINGAPORE-WAREHOUSE,CST-01331,0.0033499999999999997
SINGAPORE-WAREHOUSE,CST-01339,0.00188
SINGAPORE-WAREHOUSE,CST-01282,0.00138
SINGAPORE-WAREHOUSE,CST-01520,0.00138
SINGAPORE-WAREHOUSE,CST-01051,0.001375
SINGAPORE-WAREHOUSE,CST-01006,0.001
SINGAPORE-WAREHOUSE,CST-01234,0.001
SINGAPORE-WAREHOUSE,CST-01363,0.0005
SINGAPORE-WAREHOUSE,CST-01369,0.0005
SINGAPORE-WAREHOUSE,CST-01387,0.0005
SINGAPORE-WAREHOUSE,CST-01469,0.0005
SINGAPORE-WAREHOUSE,CST-01491,0.0004
SINGAPORE-WAREHOUSE,CST-01218,0.00030000000000000003
SINGAPORE-WAREHOUSE,CST-01357,0.0003
SINGAPORE-WAREHOUSE,CST-01440,0.0003
SINGAPORE-WAREHOUSE,CST-01126,0.0002
SINGAPORE-WAREHOUSE,CST-01376,0.0002
SINGAPORE-WAREHOUSE,CST-01521,0.0002
SINGAPORE-WAREHOUSE,CST-01526,0.0001
